{
    "ModSettings": {
        "highlight_foused_items": false,
        "enable_profiles": false,
        "enable_lock_slots": false,
        "enable_auto_refill": false,
        "enable_updates_check": false,
        "for_modpack_devs": true,
        "first_run": false
    },
    "GuiSettings": {
        "enable_profiles_ui": false,
        "enable_profiles_announcement": false,
        "enable_inventory_editor_button": false,
        "treat_unknown_screens_as_containers": false,
        "continuous_crafting_saved_value": false
    },
    "LockedSlotsSettings": {
        "lock_slots_disable_user_interaction": true,
        "show_locked_slots_background": false,
        "show_locked_slots_foreground": false
    },
    "AutoRefillSettings": {
        "disable_for_drop_item": true,
        "visual_durability_notification": false,
        "audio_durability_notification": false
    }
}