{
  "type": "minecraft:random_patch",
  "config": {
    "tries": 48,
    "xz_spread": 4,
    "y_spread": 4,
    "feature": {
      "feature": {
        "type": "minecraft:simple_block",
        "config": {
          "to_place": {
            "type": "minecraft:noise_provider",
            "seed": 0,
            "noise": {
              "firstOctave": -5,
              "amplitudes": [
                1,
                1
              ]
            },
            "scale": 1,
            "states": [
              {
                "Name": "minecraft:warped_roots"
              },
							{
								"Name": "minecraft:nether_sprouts"
							},
							{
								"Name": "minecraft:twisting_vines"
							}
            ]
          }
        }
      },
      "placement": [
        {
          "type": "minecraft:block_predicate_filter",
          "predicate": {
            "type": "minecraft:matching_blocks",
            "blocks": [
              "minecraft:air"
            ]
          }
        }
      ]
    }
  }
}