{
    "type": "minecraft:chest",
    "pools": [
        {
            "bonus_rolls": 0.0,
            "entries": [
                {
                    "type": "minecraft:item",
                    "functions": [
                        {
                            "add": false,
                            "count": {
                                "type": "minecraft:uniform",
                                "max": 18.0,
                                "min": 9.0
                            },
                            "function": "minecraft:set_count"
                        }
                    ],
                    "name": "ad_astra:moon_sand",
                    "weight": 40
                },
                {
                    "type": "minecraft:item",
                    "functions": [
                        {
                            "add": false,
                            "count": {
                                "type": "minecraft:uniform",
                                "max": 18.0,
                                "min": 9.0
                            },
                            "function": "minecraft:set_count"
                        }
                    ],
                    "name": "ad_astra:sky_stone",
                    "weight": 40
                },
                {
                    "type": "minecraft:item",
                    "functions": [
                        {
                            "add": false,
                            "count": {
                                "type": "minecraft:uniform",
                                "max": 8.0,
                                "min": 4.0
                            },
                            "function": "minecraft:set_count"
                        }
                    ],
                    "name": "minecraft:deepslate_diamond_ore",
                    "weight": 20
                },
                {
                    "type": "minecraft:item",
                    "functions": [
                        {
                            "add": false,
                            "count": {
                                "type": "minecraft:uniform",
                                "max": 4.0,
                                "min": 2.0
                            },
                            "function": "minecraft:set_count"
                        }
                    ],
                    "name": "ad_astra:raw_desh",
                    "weight": 10
                },
                {
                    "type": "minecraft:item",
                    "functions": [
                        {
                            "add": false,
                            "count": {
                                "type": "minecraft:uniform",
                                "max": 2.0,
                                "min": 1.0
                            },
                            "function": "minecraft:set_count"
                        }
                    ],
                    "name": "minecraft:raw_gold_block",
                    "weight": 5
                }
            ],
            "rolls": {
                "type": "minecraft:uniform",
                "max": 8.0,
                "min": 3.0
            }
        }
    ]
}