{
	"feature": "astralrails:moon_nether_wart_block_ore",
	"placement": [
		{
      "type": "minecraft:count",
      "count": 4
    },
    {
      "type": "minecraft:in_square"
    },
    {
      "type": "minecraft:height_range",
      "height": {
        "type": "minecraft:trapezoid",
        "min_inclusive": {
          "absolute": 16
        },
        "max_inclusive": {
          "absolute": 72
        }
      }
    },
    {
      "type": "minecraft:biome"
    }
	]
}
