{
	"type": "ad_astra:nasa_workbench",
	"ingredients": [
		{
			"ingredient": {
				"item": "techreborn:electronic_circuit"
			}
		},
		{
			"ingredient": {
				"tag": "c:ostrum_blocks"
			}
		},
		{
			"ingredient": {
				"tag": "c:ostrum_blocks"
			}
		},
		{
			"ingredient": {
				"item": "techreborn:digital_display"
			}
		},
		{
			"ingredient": {
				"item": "techreborn:digital_display"
			}
		},
		{
			"ingredient": {
				"tag": "c:ostrum_blocks"
			}
		},
		{
			"ingredient": {
				"tag": "c:ostrum_blocks"
			}
		},
		{
			"ingredient": {
				"item": "ad_astra:steel_block"
			}
		},
		{
			"ingredient": {
				"item": "immersive_aircraft:engine"
			}
		},
		{
			"ingredient": {
				"item": "immersive_aircraft:engine"
			}
		},
		{
			"ingredient": {
				"item": "ad_astra:steel_block"
			}
		},
		{
			"ingredient": {
				"item": "immersive_aircraft:engine"
			}
		},
		{
			"ingredient": {
				"item": "ad_astra:ostrum_engine"
			}
		},
		{
			"ingredient": {
				"item": "immersive_aircraft:engine"
			}
		}
	],
	"output": {
		"item": "ad_astra:tier_3_rocket",
		"count": 1
	}
}