{
	"type": "ad_astra:nasa_workbench",
	"ingredients": [
		{
			"ingredient": {
				"item": "techreborn:advanced_circuit"
			}
		},
		{
			"ingredient": {
				"tag": "c:calorite_blocks"
			}
		},
		{
			"ingredient": {
				"tag": "c:calorite_blocks"
			}
		},
		{
			"ingredient": {
				"item": "techreborn:iridium_storage_block"
			}
		},
		{
			"ingredient": {
				"item": "techreborn:iridium_storage_block"
			}
		},
		{
			"ingredient": {
				"tag": "c:calorite_blocks"
			}
		},
		{
			"ingredient": {
				"tag": "c:calorite_blocks"
			}
		},
		{
			"ingredient": {
				"item": "createastral:subatomic_ingot"
			}
		},
		{
			"ingredient": {
				"item": "ad_astra:calorite_tank"
			}
		},
		{
			"ingredient": {
				"item": "ad_astra:calorite_tank"
			}
		},
		{
			"ingredient": {
				"item": "createastral:subatomic_ingot"
			}
		},
		{
			"ingredient": {
				"item": "create:shadow_steel"
			}
		},
		{
			"ingredient": {
				"item": "createastral:subatomic_ingot"
			}
		},
		{
			"ingredient": {
				"item": "create:refined_radiance"
			}
		}
	],
	"output": {
		"item": "ad_astra:tier_4_rocket",
		"count": 1
	}
}