{
	"type": "ad_astra:nasa_workbench",
	"ingredients": [
		{
			"ingredient": {
				"item": "create:integrated_circuit"
			}
		},
		{
			"ingredient": {
				"tag": "c:desh_blocks"
			}
		},
		{
			"ingredient": {
				"tag": "c:desh_blocks"
			}
		},
		{
			"ingredient": {
				"tag": "c:desh_blocks"
			}
		},
		{
			"ingredient": {
				"tag": "c:desh_blocks"
			}
		},
		{
			"ingredient": {
				"tag": "c:desh_blocks"
			}
		},
		{
			"ingredient": {
				"tag": "c:desh_blocks"
			}
		},
		{
			"ingredient": {
				"item": "techreborn:red_cell_battery"
			}
		},
		{
			"ingredient": {
				"item": "ad_astra:desh_tank"
			}
		},
		{
			"ingredient": {
				"item": "ad_astra:desh_tank"
			}
		},
		{
			"ingredient": {
				"item": "techreborn:red_cell_battery"
			}
		},
		{
			"ingredient": {
				"item": "ad_astra:rocket_fin"
			}
		},
		{
			"ingredient": {
				"item": "ad_astra:desh_engine"
			}
		},
		{
			"ingredient": {
				"item": "ad_astra:rocket_fin"
			}
		}
	],
	"output": {
		"item": "ad_astra:tier_2_rocket",
		"count": 1
	}
}