{
	"type": "ad_astra:nasa_workbench",
	"ingredients": [
		{
			"ingredient": {
				"item": "create:integrated_circuit"
			}
		},
		{
			"ingredient": {
				"tag": "c:steel_blocks"
			}
		},
		{
			"ingredient": {
				"tag": "c:steel_blocks"
			}
		},
		{
			"ingredient": {
				"tag": "c:steel_blocks"
			}
		},
		{
			"ingredient": {
				"tag": "c:steel_blocks"
			}
		},
		{
			"ingredient": {
				"tag": "c:steel_blocks"
			}
		},
		{
			"ingredient": {
				"tag": "c:steel_blocks"
			}
		},
		{
			"ingredient": {
				"item": "tconstruct:amethyst_bronze_block"
			}
		},
		{
			"ingredient": {
				"item": "ad_astra:steel_tank"
			}
		},
		{
			"ingredient": {
				"item": "ad_astra:steel_tank"
			}
		},
		{
			"ingredient": {
				"item": "tconstruct:amethyst_bronze_block"
			}
		},
		{
			"ingredient": {
				"item": "ad_astra:rocket_fin"
			}
		},
		{
			"ingredient": {
				"item": "ad_astra:steel_engine"
			}
		},
		{
			"ingredient": {
				"item": "ad_astra:rocket_fin"
			}
		}
	],
	"output": {
		"item": "ad_astra:tier_1_rocket",
		"count": 1
	}
}