{
  "name": "astralrails:paths/start_paths",
  "fallback": "minecraft:empty",
  "elements": [
    {
      "weight": 1,
      "element": {
        "location": "astralrails:mine/dungeon/dungeon_room_main1",
        "processors": [
					{
						"processor_type": "minecraft:rule",
						"rules": [
							{
								"location_predicate": {
									"predicate_type": "minecraft:always_true"
								},
								"input_predicate": {
									"predicate_type": "minecraft:random_block_match",
									"block": "minecraft:cobblestone",
									"probability": 0.4
								},
								"output_state": {
									"Name": "minecraft:mossy_cobblestone"
								}
							},
							{
								"location_predicate": {
									"predicate_type": "minecraft:always_true"
								},
								"input_predicate": {
									"predicate_type": "minecraft:random_block_match",
									"block": "minecraft:cobblestone",
									"probability": 0.05
								},
								"output_state": {
									"Name": "minecraft:cobblestone_slab"
								}
							}
						]
					}
				],
        "projection": "rigid",
        "element_type": "minecraft:single_pool_element"
      }
    }
  ]
}
