{
	"processors": [
		{
			"processor_type": "minecraft:rule",
			"rules": [
				{
					"location_predicate": {
						"predicate_type": "minecraft:always_true"
					},
					"input_predicate": {
						"predicate_type": "minecraft:random_block_match",
						"block": "chipped:amethyst_block_7",
						"probability": 0.5
					},
					"output_state": {
						"Name": "minecraft:amethyst_block"
					}
				},
				{
					"location_predicate": {
						"predicate_type": "minecraft:always_true"
					},
					"input_predicate": {
						"predicate_type": "minecraft:random_block_match",
						"block": "minecraft:budding_amethyst",
						"probability": 0.5
					},
					"output_state": {
						"Name": "minecraft:amethyst_block"
					}
				}
			]
		}
	]
}