{
  "makeshiftRadius": 10,
  "reinforcedRadius": 25,
  "glisteningRadius": 50,
  "crystalRadius": 75,
  "emeradicRadius": 125,
  "witheredRadius": 200,
  "maxClaimsPerPlayer": -1,
  "enablePvPinClaims": false,
  "claimProtectsFullWorldHeight": false,
  "dimensionBlacklist": [],
  "regionBlacklist": {},
  "enabledAugments": {
    "goml:lake_spirit_grace": true,
    "goml:explosion_controller": true,
    "goml:angelic_aura": true,
    "goml:pvp_arena": true,
    "goml:greeter": true,
    "goml:force_field": true,
    "goml:village_core": true,
    "goml:withering_seal": true,
    "goml:ender_binding": true,
    "goml:heaven_wings": true,
    "goml:chaos_zone": true
  },
  "allowedBlockInteraction": [],
  "allowedEntityInteraction": [],
  "messagePrefix": "<dark_gray>[<#a1ff59>GOML</color>]",
  "placeholderNoClaimInfo": "<gray><italic>Wilderness",
  "placeholderNoClaimOwners": "<gray><italic>Nobody",
  "placeholderNoClaimTrusted": "<gray><italic>Nobody",
  "placeholderClaimCanBuildInfo": "${owners} <gray>(<green>${anchor}</green>)",
  "placeholderClaimCantBuildInfo": "${owners} <gray>(<red>${anchor}</red>)"
}