{
  "temperature": -0.7,
  "downfall": 1,
  "precipitation": "snow",
  "category": "icy",
  "effects": {
    "sky_color": 10729169,
    "fog_color": 14542062,
    "water_color": 4159204,
    "water_fog_color": 329011,
    "grass_color": 9551193,
    "foliage_color": 16777215
  },
  "spawners": {
    "creature": [
      {
        "type": "ad_astra:glacian_ram",
        "weight": 12,
        "minCount": 2,
        "maxCount": 4
      }
    ]
  },
  "spawn_costs": {},
  "carvers": {
    "air": [
      "minecraft:cave",
      "minecraft:cave_extra_underground",
      "minecraft:canyon"
    ]
  },
  "features": [
    [
      "minecraft:freeze_top_layer",
      "minecraft:amethyst_geode",
      "minecraft:glow_lichen",
      "ad_astra:glacio_ice_shard_ore",
      "ad_astra:glacio_coal_ore",
      "ad_astra:glacio_copper_ore",
      "ad_astra:glacio_iron_ore",
      "ad_astra:glacio_lapis_ore",
      "ad_astra:glacio_deepslate_coal_ore",
      "ad_astra:glacio_deepslate_copper_ore",
      "ad_astra:glacio_deepslate_iron_ore",
      "ad_astra:glacio_deepslate_lapis_ore"
    ]
  ]
}