{
  "temperature": 0.7,
  "downfall": 0,
  "precipitation": "none",
  "category": "none",
  "effects": {
    "sky_color": 0,
    "fog_color": 1447444,
    "water_color": 4159204,
    "water_fog_color": 329011,
    "grass_color": 9551193,
    "foliage_color": 7842607
  },
  "creature_spawn_probability": 0.2,
  "spawners": {
    "monster": [
      {
        "type": "ad_astra:corrupted_lunarian",
        "weight": 100,
        "minCount": 1,
        "maxCount": 3
      },
      {
        "type": "ad_astra:star_crawler",
        "weight": 100,
        "minCount": 1,
        "maxCount": 3
      }
    ]
  },
  "spawn_costs": {
    "ad_astra:corrupted_lunarian": {
      "energy_budget": 0.015,
      "charge": 0.2
    },
    "ad_astra:star_crawler": {
      "energy_budget": 0.015,
      "charge": 0.4
    }
  },
  "carvers": {
    "air": [
      "minecraft:cave",
      "minecraft:cave_extra_underground",
      "minecraft:canyon"
    ]
  },
  "features": [
    [
      "ad_astra:moon_cheese_ore",
      "ad_astra:moon_soul_soil",
      "ad_astra:moon_ice_shard_ore",
      "ad_astra:moon_iron_ore",
      "ad_astra:moon_desh_ore"
    ]
  ]
}