{
  "type": "minecraft:chest",
  "pools": [
    {
      "rolls": {
        "min": 3,
        "max": 5
      },
      "entries": [
        {
          "type": "minecraft:item",
          "weight": 1,
          "name": "tconstruct:pattern"
        },
        {
          "type": "minecraft:item",
          "weight": 2,
          "name": "create:track",
          "functions": [
            {
              "function": "minecraft:set_count",
              "count": 3
            }
          ]
        },
        {
          "type": "minecraft:item",
          "weight": 1,
          "name": "minecraft:stick",
          "functions": [
            {
              "function": "minecraft:set_count",
              "count": 2
            }
          ]
        }
      ]
    },
    {
      "rolls": {
        "min": 1,
        "max": 2
      },
      "bonus_rolls": 1,
      "entries": [
        {
          "type": "minecraft:item",
          "weight": 1,
          "name": "create:railway_casing",
          "functions": [
            {
              "function": "minecraft:set_count",
              "count": 1
            }
          ]
        },
        {
          "type": "minecraft:item",
          "weight": 1,
          "name": "create:andesite_alloy"
        },
        {
          "type": "minecraft:item",
          "name": "create:large_cogwheel",
          "functions": [
            {
              "function": "minecraft:set_count",
              "count": 2
            }
          ]
        }
      ]
    }
  ]
}
