{
  "type": "minecraft:chest",
  "pools": [
    {
      "rolls": {
        "min": 3,
        "max": 5
      },
      "entries": [
        {
          "type": "minecraft:item",
          "weight": 1,
          "name": "minecraft:spruce_log"
        },
        {
          "type": "minecraft:item",
          "weight": 2,
          "name": "minecraft:cobblestone",
          "functions": [
            {
              "function": "minecraft:set_count",
              "count": 3
            }
          ]
        },
        {
          "type": "minecraft:item",
          "weight": 1,
          "name": "minecraft:stick",
          "functions": [
            {
              "function": "minecraft:set_count",
              "count": 2
            }
          ]
        },
        {
          "type": "minecraft:item",
          "weight": 1,
          "name": "tconstruct:pattern",
          "functions": [
            {
              "function": "minecraft:set_count",
              "count": 2
            }
          ]
        }
      ]
    },
    {
      "rolls": {
        "min": 1,
        "max": 2
      },
      "entries": [
        {
          "type": "minecraft:item",
          "weight": 2,
          "name": "minecraft:torch",
          "functions": [
            {
              "function": "minecraft:set_count",
              "count": 4
            }
          ]
        },
        {
          "type": "minecraft:item",
          "weight": 2,
          "name": "campanion:flare"
        },
        {
					"weight": 1,
          "type": "minecraft:item",
          "name": "campanion:wooden_spear"
        }
      ]
    },
		{
			"rolls": 1,
			"entries": [
				{
          "type": "minecraft:item",
          "name": "createastral:copper_pickaxe"
				}
			]
		}
  ]
}
