{
  "type": "minecraft:chest",
  "pools": [
    {
      "rolls": {
        "min": 3,
        "max": 5
      },
      "entries": [
        {
          "type": "minecraft:item",
          "weight": 2,
          "name": "minecraft:brick"
        },
				{
          "type": "minecraft:item",
          "weight": 2,
          "name": "create:wheat_flour"
        },
				{
          "type": "minecraft:item",
          "weight": 2,
          "name": "createastral:andesite_compound"
        },
				{
          "type": "minecraft:item",
          "weight": 1,
          "name": "minecraft:bread"
        },
				{
          "type": "minecraft:item",
          "weight": 1,
          "name": "create:cogwheel"
        },
				{
          "type": "minecraft:item",
          "weight": 1,
          "name": "createastral:bronze_sheet"
        },
				{
          "type": "minecraft:item",
          "weight": 1,
          "name": "minecraft:coal"
        }
      ]
    }
  ]
}
