{
	"type": "minecraft:chest",
  "pools": [
    {
      "rolls": {
        "min": 3,
        "max": 5
      },
      "entries": [
        {
          "type": "minecraft:item",
          "weight": 1,
          "name": "minecraft:clay_ball"
        },
        {
          "type": "minecraft:item",
          "weight": 2,
          "name": "minecraft:coal"
        },
        {
          "type": "minecraft:item",
          "weight": 1,
          "name": "minecraft:cobweb"
        },
        {
          "type": "minecraft:item",
          "weight": 1,
          "name": "create:copper_nugget"
        },
        {
          "type": "minecraft:item",
          "weight": 1,
          "name": "minecraft:iron_nugget"
        },
        {
          "type": "minecraft:item",
          "weight": 2,
          "name": "minecraft:charcoal"
        },
        {
          "type": "minecraft:item",
          "weight": 1,
          "name": "minecraft:brick"
        },
        {
          "type": "minecraft:item",
          "weight": 2,
          "name": "minecraft:bone"
        },
        {
          "type": "minecraft:item",
          "weight": 3,
          "name": "vinery:wine_bottle"
        },
        {
          "type": "minecraft:item",
          "weight": 3,
          "name": "vinery:cherry_jar"
        }
      ]
    },
    {
      "rolls": {
        "min": 1,
        "max": 2
      },
      "entries": [
        {
          "type": "minecraft:item",
          "name": "create:experience_nugget"
        },
        {
          "type": "minecraft:item",
          "weight": 1,
          "name": "create:andesite_alloy"
        },
        {
          "type": "minecraft:item",
          "weight": 1,
          "name": "minecraft:raw_iron"
        },
        {
          "type": "minecraft:item",
          "weight": 1,
          "name": "minecraft:raw_copper"
        }
      ]
    },
    {
      "rolls": 1,
      "entries": [
        {
          "type": "minecraft:item",
					"weight": 1,
          "name": "vinery:cherry_wine"
        },
        {
          "type": "minecraft:item",
          "weight": 1,
          "name": "vinery:kelp_cider"
        }
      ]
    }
  ]
}
