{
	"type": "minecraft:chest",
  "pools": [
    {
      "rolls": {
        "min": 3,
        "max": 5
      },
      "entries": [
        {
          "type": "minecraft:item",
          "weight": 1,
          "name": "minecraft:book"
        },
        {
          "type": "minecraft:item",
          "weight": 2,
          "name": "minecraft:paper"
        },
        {
          "type": "minecraft:item",
          "weight": 1,
          "name": "minecraft:cobweb"
        },
        {
          "type": "minecraft:item",
          "weight": 1,
          "name": "create:copper_nugget"
        },
        {
          "type": "minecraft:item",
          "weight": 1,
          "name": "minecraft:iron_nugget"
        },
        {
          "type": "minecraft:item",
          "weight": 2,
          "name": "minecraft:charcoal"
        },
        {
          "type": "minecraft:item",
          "weight": 1,
          "name": "minecraft:stick"
        },
        {
          "type": "minecraft:item",
          "weight": 3,
          "name": "vinery:wine_bottle"
        },
        {
          "type": "minecraft:item",
          "weight": 3,
          "name": "vinery:cherry_jar"
        }
      ]
    },
    {
      "rolls": {
        "min": 1,
        "max": 2
      },
      "entries": [
        {
          "type": "minecraft:item",
          "name": "create:experience_nugget"
        },
        {
          "type": "minecraft:item",
          "weight": 1,
          "name": "create:andesite_alloy"
        },
        {
          "type": "minecraft:item",
          "weight": 1,
          "name": "vinery:bread_slice"
        }
      ]
    },
    {
      "rolls": 1,
      "entries": [
        {
          "type": "minecraft:item",
					"weight": 1,
          "name": "vinery:vinemaker_boots"
        },
        {
          "type": "minecraft:item",
          "weight": 1,
          "name": "vinery:apple_wine"
        }
      ]
    }
  ]
}
