{
  "name": "astralrails:paths/start_paths",
  "fallback": "minecraft:empty",
  "elements": [
    {
      "weight": 1,
      "element": {
        "location": "astralrails:mine/dungeon/dungeon_room_final1",
        "processors": [
					{
						"processor_type": "minecraft:rule",
						"rules": [
							{
								"location_predicate": {
									"predicate_type": "minecraft:always_true"
								},
								"input_predicate": {
									"predicate_type": "minecraft:random_block_match",
									"block": "minecraft:cobblestone",
									"probability": 0.45
								},
								"output_state": {
									"Name": "minecraft:mossy_cobblestone"
								}
							},
							{
								"location_predicate": {
									"predicate_type": "minecraft:always_true"
								},
								"input_predicate": {
									"predicate_type": "minecraft:random_block_match",
									"block": "minecraft:cobblestone",
									"probability": 0.1
								},
								"output_state": {
									"Name": "minecraft:cobblestone_slab"
								}
							}
						]
					}
				],
        "projection": "rigid",
        "element_type": "minecraft:single_pool_element"
      }
    },
		{
      "weight": 1,
      "element": {
        "location": "astralrails:mine/dungeon/dungeon_room_final2",
        "processors": [
					{
						"processor_type": "minecraft:rule",
						"rules": [
							{
								"location_predicate": {
									"predicate_type": "minecraft:always_true"
								},
								"input_predicate": {
									"predicate_type": "minecraft:random_block_match",
									"block": "minecraft:cobblestone",
									"probability": 0.45
								},
								"output_state": {
									"Name": "minecraft:mossy_cobblestone"
								}
							},
							{
								"location_predicate": {
									"predicate_type": "minecraft:always_true"
								},
								"input_predicate": {
									"predicate_type": "minecraft:random_block_match",
									"block": "minecraft:cobblestone",
									"probability": 0.1
								},
								"output_state": {
									"Name": "minecraft:cobblestone_slab"
								}
							},
							{
								"location_predicate": {
									"predicate_type": "minecraft:always_true"
								},
								"input_predicate": {
									"predicate_type": "minecraft:random_block_match",
									"block": "minecraft:cobblestone_stairs",
									"probability": 0.1
								},
								"output_state": {
									"Name": "minecraft:cobblestone_slab"
								}
							},
							{
								"location_predicate": {
									"predicate_type": "minecraft:always_true"
								},
								"input_predicate": {
									"predicate_type": "minecraft:random_block_match",
									"block": "minecraft:raw_iron_block",
									"probability": 0.4
								},
								"output_state": {
									"Name": "minecraft:raw_copper_block"
								}
							},
							{
								"location_predicate": {
									"predicate_type": "minecraft:always_true"
								},
								"input_predicate": {
									"predicate_type": "minecraft:random_block_match",
									"block": "minecraft:raw_iron_block",
									"probability": 0.45
								},
								"output_state": {
									"Name": "minecraft:coal_block"
								}
							},
							{
								"location_predicate": {
									"predicate_type": "minecraft:always_true"
								},
								"input_predicate": {
									"predicate_type": "minecraft:random_block_match",
									"block": "minecraft:raw_iron_block",
									"probability": 0.1
								},
								"output_state": {
									"Name": "minecraft:cobblestone"
								}
							}
						]
					}
				],
        "projection": "rigid",
        "element_type": "minecraft:single_pool_element"
      }
    }
  ]
}
