{
  "name": "astralrails:paths/start_paths",
  "fallback": "minecraft:empty",
  "elements": [
    {
      "weight": 1,
      "element": {
        "location": "astralrails:mine/mine_add1",
        "processors": [
					{
						"processor_type": "minecraft:rule",
						"rules": [
							{
								"location_predicate": {
									"predicate_type": "minecraft:always_true"
								},
								"input_predicate": {
									"predicate_type": "minecraft:random_block_match",
									"block": "minecraft:lantern",
									"probability": 0.45
								},
								"output_state": {
									"Name": "minecraft:air"
								}
							},
							{
								"location_predicate": {
									"predicate_type": "minecraft:always_true"
								},
								"input_predicate": {
									"predicate_type": "minecraft:random_block_match",
									"block": "minecraft:structure_void",
									"probability": 0.05
								},
								"output_state": {
									"Name": "minecraft:coal_ore"
								}
							}
						]
					}
				],
        "projection": "rigid",
        "element_type": "minecraft:single_pool_element"
      }
    },
		{
      "weight": 1,
      "element": {
        "location": "astralrails:mine/mine_add2",
        "processors": [
					{
						"processor_type": "minecraft:rule",
						"rules": [
							{
								"location_predicate": {
									"predicate_type": "minecraft:random_block_match",
									"block": "minecraft:cave_air",
									"probability": 1.0
								},
								"input_predicate": {
									"predicate_type": "minecraft:always_true"
								},
								"output_state": {
									"Name": "minecraft:oak_planks"
								}
							},
							{
								"location_predicate": {
									"predicate_type": "minecraft:always_true"
								},
								"input_predicate": {
									"predicate_type": "minecraft:random_block_match",
									"block": "minecraft:sponge",
									"probability": 1.0
								},
								"output_state": {
									"Name": "minecraft:cave_air"
								}
							}
						]
					}
				],
        "projection": "rigid",
        "element_type": "minecraft:single_pool_element"
      }
    },
		{
      "weight": 1,
      "element": {
        "location": "astralrails:mine/mine_add3",
        "processors": "minecraft:empty",
        "projection": "rigid",
        "element_type": "minecraft:single_pool_element"
      }
    }
  ]
}
