{
  "name": "astralrails:paths/start_paths",
  "fallback": "minecraft:empty",
  "elements": [
    {
      "weight": 1,
      "element": {
        "location": "astralrails:shimmer_lakes/shimmer_lake_lake_add_1",
        "processors": "minecraft:empty",
        "projection": "rigid",
        "element_type": "minecraft:legacy_single_pool_element"
      }
    },
		{
      "weight": 1,
      "element": {
        "location": "astralrails:shimmer_lakes/shimmer_lake_lake_add_2",
        "processors": "astralrails:shimmer_lakes/amethyst_remove",
        "projection": "rigid",
        "element_type": "minecraft:legacy_single_pool_element"
      }
    },
		{
      "weight": 1,
      "element": {
        "location": "astralrails:shimmer_lakes/shimmer_lake_lake_add_3",
        "processors": "astralrails:shimmer_lakes/amethyst_roughen",
        "projection": "rigid",
        "element_type": "minecraft:legacy_single_pool_element"
      }
    },
		{
      "weight": 1,
      "element": {
        "location": "astralrails:shimmer_lakes/shimmer_lake_lake_add_4",
        "processors": [
					{
						"processor_type": "minecraft:rule",
						"rules": [
							{
								"location_predicate": {
									"predicate_type": "minecraft:always_true"
								},
								"input_predicate": {
									"predicate_type": "minecraft:random_block_match",
									"block": "minecraft:budding_amethyst",
									"probability": 0.6
								},
								"output_state": {
									"Name": "minecraft:amethyst_block"
								}
							}
						]
					}
				],
        "projection": "rigid",
        "element_type": "minecraft:legacy_single_pool_element"
      }
    }
  ]
}
