{
  "name": "astralrails:paths/start_paths",
  "fallback": "minecraft:empty",
  "elements": [
    {
      "weight": 1,
      "element": {
        "location": "astralrails:ruins/ruin_ore_1",
        "processors": "minecraft:empty",
        "projection": "rigid",
        "element_type": "minecraft:single_pool_element"
      }
    },
		{
      "weight": 1,
      "element": {
        "location": "astralrails:ruins/ruin_ore_2",
        "processors": "minecraft:empty",
        "projection": "rigid",
        "element_type": "minecraft:single_pool_element"
      }
    },
		{
      "weight": 1,
      "element": {
        "location": "astralrails:ruins/ruin_ore_3",
        "processors": "minecraft:empty",
        "projection": "rigid",
        "element_type": "minecraft:single_pool_element"
      }
    },
		{
      "weight": 1,
      "element": {
        "location": "astralrails:ruins/ruin_ore_4",
        "processors": "minecraft:empty",
        "projection": "rigid",
        "element_type": "minecraft:single_pool_element"
      }
    }		
  ]
}
