{
  "name": "astralrails:paths/start_paths",
  "fallback": "minecraft:empty",
  "elements": [
    {
      "weight": 1,
      "element": {
        "location": "astralrails:ruins/ruin_wall_1",
        "processors": "minecraft:empty",
        "projection": "rigid",
        "element_type": "minecraft:single_pool_element"
      }
    },
		{
      "weight": 1,
      "element": {
        "location": "astralrails:ruins/ruin_wall_2",
        "processors": "minecraft:empty",
        "projection": "rigid",
        "element_type": "minecraft:single_pool_element"
      }
    }	,
		{
      "weight": 1,
      "element": {
        "location": "astralrails:ruins/ruin_wall_3",
        "processors": "minecraft:empty",
        "projection": "rigid",
        "element_type": "minecraft:single_pool_element"
      }
    }	,
		{
      "weight": 1,
      "element": {
        "location": "astralrails:ruins/ruin_wall_4",
        "processors": "minecraft:empty",
        "projection": "rigid",
        "element_type": "minecraft:single_pool_element"
      }
    }	,
		{
      "weight": 1,
      "element": {
        "location": "astralrails:ruins/ruin_wall_5",
        "processors": "minecraft:empty",
        "projection": "rigid",
        "element_type": "minecraft:single_pool_element"
      }
    }	,
		{
      "weight": 1,
      "element": {
        "location": "astralrails:ruins/ruin_wall_6",
        "processors": "minecraft:empty",
        "projection": "rigid",
        "element_type": "minecraft:single_pool_element"
      }
    }	,
		{
      "weight": 1,
      "element": {
        "location": "astralrails:ruins/ruin_wall_7",
        "processors": "minecraft:empty",
        "projection": "rigid",
        "element_type": "minecraft:single_pool_element"
      }
    }	,
		{
      "weight": 1,
      "element": {
        "location": "astralrails:ruins/ruin_wall_8",
        "processors": "minecraft:empty",
        "projection": "rigid",
        "element_type": "minecraft:single_pool_element"
      }
    }	,
		{
      "weight": 1,
      "element": {
        "location": "astralrails:ruins/ruin_wall_9",
        "processors": "minecraft:empty",
        "projection": "rigid",
        "element_type": "minecraft:single_pool_element"
      }
    }	,
		{
      "weight": 1,
      "element": {
        "location": "astralrails:ruins/ruin_wall_10",
        "processors": "minecraft:empty",
        "projection": "rigid",
        "element_type": "minecraft:single_pool_element"
      }
    }		
  ]
}
