{
  "name": "astralrails:platforms/platforms",
  "fallback": "minecraft:empty",
  "elements": [
    {
      "weight": 1,
      "element": {
        "location": "astralrails:vinery/vinery_farm_1",
        "processors": "minecraft:empty",
        "projection": "rigid",
        "element_type": "minecraft:legacy_single_pool_element"
      }
    },
		{
      "weight": 1,
      "element": {
        "location": "astralrails:vinery/vinery_farm_2",
        "processors": "minecraft:empty",
        "projection": "rigid",
        "element_type": "minecraft:legacy_single_pool_element"
      }
    },
		{
      "weight": 1,
      "element": {
        "location": "astralrails:vinery/vinery_farm_3",
        "processors": "minecraft:empty",
        "projection": "rigid",
        "element_type": "minecraft:legacy_single_pool_element"
      }
    }
  ]
}
